match_id,Home,Draw,Away
273292,0.455075067,0.239596583,0.305328333
273296,0.666697726,0.149885989,0.183284565
273298,0.262801389,0.276636297,0.460562299
273299,0.47482329,0.314448167,0.210728542
273300,0.263268817,0.235393382,0.50133779
273297,0.206807941,0.131820816,0.661133747
273293,0.228865698,0.145872368,0.625252754
273291,0.429962677,0.23276369,0.337272958
273294,0.673743109,0.212937704,0.113319187
273295,0.722474927,0.216202359,0.061322714
