match_id,Home,Draw,Away
273289,0.78483465,0.165837827,0.049327523
273283,0.615075716,0.275893971,0.109030313
273282,0.302913714,0.282719486,0.4143668
273284,0.304894477,0.402031638,0.293073885
273288,0.623264885,0.144346981,0.232388134
273285,0.507235669,0.227392046,0.265372286
273281,0.553898818,0.168805528,0.277295654
273287,0.606791485,0.292030798,0.101177718
273286,0.152781333,0.196641238,0.650577429
273290,0.201899196,0.129713321,0.668387483
