match_id,Home,Draw,Away
273274,0.504355545,0.226771751,0.268872704
273271,0.477937829,0.191701316,0.330360855
273276,0.420373009,0.270078357,0.309548634
273272,0.321926007,0.27329599,0.404778003
273277,0.192037468,0.288713736,0.519248796
273273,0.226630985,0.56232136,0.211047655
273275,0.871101983,0.059566849,0.069331168
273279,0.150753663,0.255709467,0.593536871
273278,0.610957156,0.20973536,0.179307484
