match_id,Home,Draw,Away
273266,0.976319151,0.020398088,0.003282761
273263,0.731178997,0.17414436,0.094676642
273262,0.404385999,0.291822503,0.303791498
273268,0.563400225,0.162542801,0.274056974
273265,0.636904068,0.237154568,0.125941364
273269,0.285740792,0.354443993,0.359815215
273267,0.768275563,0.159896713,0.071827724
273270,0.374694399,0.15267666,0.472628941
273261,0.280452098,0.148545636,0.571002266
273264,0.497543598,0.269247405,0.233208998
