match_id,Home,Draw,Away
273302,0.173284285,0.354380811,0.472334904
273303,0.541968391,0.201019537,0.257012072
273306,0.36886282,0.194446071,0.436691108
273308,0.230020739,0.175294838,0.594684422
273309,0.253496089,0.348565681,0.397938231
273305,0.955161144,0.024537944,0.020300911
273310,0.375998264,0.260906394,0.363095342
273307,0.252567415,0.214617735,0.53281485
273301,0.400412151,0.191495494,0.408092355
273304,0.614459556,0.306091016,0.079449428
